epoch,step,test_AUC,test_accuracy,test_accuracy_macro,test_accuracy_normal,test_accuracy_pac,test_accuracy_pvc,test_f1,test_f1_macro,test_f1_normal,test_f1_pac,test_f1_pvc,test_loss,test_ppv,test_ppv_macro,test_ppv_normal,test_ppv_pac,test_ppv_pvc,test_sensitivity,test_sensitivity_macro,test_sensitivity_normal,test_sensitivity_pac,test_sensitivity_pvc,test_specificity,test_specificity_macro,test_specificity_normal,test_specificity_pac,test_specificity_pvc,train_AUC,train_accuracy,train_accuracy_macro,train_accuracy_normal,train_accuracy_pac,train_accuracy_pvc,train_f1,train_f1_macro,train_f1_normal,train_f1_pac,train_f1_pvc,train_loss,train_ppv,train_ppv_macro,train_ppv_normal,train_ppv_pac,train_ppv_pvc,train_sensitivity,train_sensitivity_macro,train_sensitivity_normal,train_sensitivity_pac,train_sensitivity_pvc,train_specificity,train_specificity_macro,train_specificity_normal,train_specificity_pac,train_specificity_pvc,valid_AUC,valid_accuracy,valid_accuracy_macro,valid_accuracy_normal,valid_accuracy_pac,valid_accuracy_pvc,valid_f1,valid_f1_macro,valid_f1_normal,valid_f1_pac,valid_f1_pvc,valid_loss,valid_ppv,valid_ppv_macro,valid_ppv_normal,valid_ppv_pac,valid_ppv_pvc,valid_sensitivity,valid_sensitivity_macro,valid_sensitivity_normal,valid_sensitivity_pac,valid_sensitivity_pvc,valid_specificity,valid_specificity_macro,valid_specificity_normal,valid_specificity_pac,valid_specificity_pvc,phase
0,122.0,,,,,,,,,,,,,,,,,,,,,,,,,,,,,,,,,,,,,,,,,,,,,,,,,,,,,,,0.7164329290390015,0.3927596509456634,0.3927596509456634,0.212802767753601,0.4000000059604645,0.5654761791229248,0.2951955795288086,0.2951955795288086,0.3504273593425751,0.0174481999129056,0.5177111625671387,1.9541685581207275,0.492747038602829,0.492747038602829,0.9919354915618896,0.0089186178520321,0.4773869216442108,0.3927596509456634,0.3927596509456634,0.212802767753601,0.4000000059604645,0.5654761791229248,0.743158757686615,0.743158757686615,0.9893617033958436,0.328549861907959,0.9115646481513976,
0,122.0,,,,,,,,,,,,,,,,,,,,,,,,,,,,0.8367453813552856,0.6662855744361877,0.6662855744361877,0.7900152206420898,0.6844512224197388,0.5243902206420898,0.6647354364395142,0.6647354364395142,0.7918258309364319,0.6495479345321655,0.5528324842453003,0.7330246567726135,0.6654044985771179,0.6654044985771179,0.7936447262763977,0.6180316805839539,0.5845369696617126,0.6662855744361877,0.6662855744361877,0.7900152206420898,0.6844512224197388,0.5243902206420898,0.8331427574157715,0.8331427574157715,0.8972942233085632,0.7884908318519592,0.8136432766914368,,,,,,,,,,,,,,,,,,,,,,,,,,,,
1,245.0,,,,,,,,,,,,,,,,,,,,,,,,,,,,,,,,,,,,,,,,,,,,,,,,,,,,,,,0.8881287574768066,0.5546301007270813,0.5546301007270813,0.9567474126815796,0.1000000014901161,0.6071428656578064,0.5602028965950012,0.5602028965950012,0.9555075764656068,0.0606060624122619,0.6644951105117798,0.3401959836483001,0.5771873593330383,0.5771873593330383,0.9542708992958068,0.0434782616794109,0.7338129281997681,0.5546301007270813,0.5546301007270813,0.9567474126815796,0.1000000014901161,0.6071428656578064,0.8844633102416992,0.8844633102416992,0.7180851101875305,0.9667673707008362,0.9685373902320862,
1,245.0,,,,,,,,,,,,,,,,,,,,,,,,,,,,0.8868622779846191,0.7427055239677429,0.7427055239677429,0.8834729790687561,0.7807853817939758,0.563858151435852,0.7378404140472412,0.7378404140472412,0.8549843430519104,0.7381510138511658,0.6203858852386475,0.5959540009498596,0.7392392158508301,0.7392392158508301,0.8282756209373474,0.6999316215515137,0.6895104646682739,0.7427055239677429,0.7427055239677429,0.8834729790687561,0.7807853817939758,0.563858151435852,0.8713865876197815,0.8713865876197815,0.9083110690116882,0.8327300548553467,0.8731186985969543,,,,,,,,,,,,,,,,,,,,,,,,,,,,
2,368.0,,,,,,,,,,,,,,,,,,,,,,,,,,,,,,,,,,,,,,,,,,,,,,,,,,,,,,,0.9069241285324096,0.5635483860969543,0.5635483860969543,0.9299308061599731,0.1000000014901161,0.6607142686843872,0.5490294098854065,0.5490294098854065,0.9509066939353944,0.0470588244497776,0.6491228342056274,0.33360755443573,0.5471836924552917,0.5471836924552917,0.9728506803512572,0.0307692307978868,0.6379310488700867,0.5635483860969543,0.5635483860969543,0.9299308061599731,0.1000000014901161,0.6607142686843872,0.9130902886390686,0.9130902886390686,0.8404255509376526,0.9524168968200684,0.9464285969734192,
2,368.0,,,,,,,,,,,,,,,,,,,,,,,,,,,,0.8994919657707214,0.7490306496620178,0.7490306496620178,0.8978658318519592,0.7669717669487,0.5822543501853943,0.7446454167366028,0.7446454167366028,0.8642699718475342,0.7408362627029419,0.6288299560546875,0.562969982624054,0.7443418502807617,0.7443418502807617,0.8330975770950317,0.7164232134819031,0.6835047006607056,0.7490306496620178,0.7490306496620178,0.8978658318519592,0.7669717669487,0.5822543501853943,0.8744940161705017,0.8744940161705017,0.9100610017776488,0.8483809232711792,0.8650400042533875,,,,,,,,,,,,,,,,,,,,,,,,,,,,
3,491.0,,,,,,,,,,,,,,,,,,,,,,,,,,,,,,,,,,,,,,,,,,,,,,,,,,,,,,,0.8800556063652039,0.6249478459358215,0.6249478459358215,0.9307958483695984,0.449999988079071,0.494047611951828,0.55760657787323,0.55760657787323,0.9513704776763916,0.1199999973177909,0.6014492511749268,0.4300455451011657,0.6035415530204773,0.6035415530204773,0.9728752374649048,0.0692307725548744,0.7685185074806213,0.6249478459358215,0.6249478459358215,0.9307958483695984,0.449999988079071,0.494047611951828,0.9092590808868408,0.9092590808868408,0.8404255509376526,0.9086102843284608,0.978741466999054,
3,491.0,,,,,,,,,,,,,,,,,,,,,,,,,,,,0.915074348449707,0.7735010981559753,0.7735010981559753,0.8974847793579102,0.7816311120986938,0.6413872241973877,0.7711488604545593,0.7711488604545593,0.8736783266067505,0.7701839804649353,0.6695842742919922,0.5111754536628723,0.77018141746521,0.77018141746521,0.8511022925376892,0.7590673565864563,0.7003745436668396,0.7735010981559753,0.7735010981559753,0.8974847793579102,0.7816311120986938,0.6413872241973877,0.8867505192756653,0.8867505192756653,0.9214938879013062,0.8759527206420898,0.8628048896789551,,,,,,,,,,,,,,,,,,,,,,,,,,,,
4,614.0,,,,,,,,,,,,,,,,,,,,,,,,,,,,,,,,,,,,,,,,,,,,,,,,,,,,,,,0.8542863130569458,0.5420689582824707,0.5420689582824707,0.9809688329696656,0.050000000745058,0.5952380895614624,0.5615601539611816,0.5615601539611816,0.9642857313156128,0.0625,0.6578947305679321,0.2827067673206329,0.5889293551445007,0.5889293551445007,0.9481605291366576,0.0833333358168602,0.7352941036224365,0.5420689582824707,0.5420689582824707,0.9809688329696656,0.050000000745058,0.5952380895614624,0.8770974278450012,0.8770974278450012,0.6702127456665039,0.991691827774048,0.9693877696990968,
4,614.0,,,,,,,,,,,,,,,,,,,,,,,,,,,,0.9256107211112976,0.7989411354064941,0.7989411354064941,0.9165078401565552,0.828125,0.6521904468536377,0.7957164645195007,0.7957164645195007,0.8882320523262024,0.796846330165863,0.702070951461792,0.4794617891311645,0.7965688109397888,0.7965688109397888,0.8616487383842468,0.7678444981575012,0.7602131366729736,0.7989411354064941,0.7989411354064941,0.9165078401565552,0.828125,0.6521904468536377,0.8994519114494324,0.8994519114494324,0.926462173461914,0.8748094439506531,0.8970840573310852,,,,,,,,,,,,,,,,,,,,,,,,,,,,
5,737.0,,,,,,,,,,,,,,,,,,,,,,,,,,,,,,,,,,,,,,,,,,,,,,,,,,,,,,,0.89886474609375,0.5205662846565247,0.5205662846565247,0.987889289855957,0.050000000745058,0.523809552192688,0.5495676398277283,0.5495676398277283,0.9620893001556396,0.0625,0.6241135001182556,0.2695240080356598,0.5976219177246094,0.5976219177246094,0.9376026391983032,0.0833333358168602,0.7719298005104065,0.5205662846565247,0.5205662846565247,0.987889289855957,0.050000000745058,0.523809552192688,0.8551092147827148,0.8551092147827148,0.5957446694374084,0.991691827774048,0.9778911471366882,
5,737.0,,,,,,,,,,,,,,,,,,,,,,,,,,,,0.9347091913223268,0.8139927983283997,0.8139927983283997,0.9104762077331544,0.8692835569381714,0.6622188091278076,0.8106489181518555,0.8106489181518555,0.8869920372962952,0.8251039981842041,0.7198507785797119,0.4464474618434906,0.8127856850624084,0.8127856850624084,0.8646888732910156,0.785197913646698,0.7884702682495117,0.8139927983283997,0.8139927983283997,0.9104762077331544,0.8692835569381714,0.6622188091278076,0.9070133566856384,0.9070133566856384,0.9287211894989014,0.8810975551605225,0.911221206188202,,,,,,,,,,,,,,,,,,,,,,,,,,,,
6,860.0,,,,,,,,,,,,,,,,,,,,,,,,,,,,,,,,,,,,,,,,,,,,,,,,,,,,,,,0.8594045042991638,0.5164263844490051,0.5164263844490051,0.7076124548912048,0.050000000745058,0.7916666865348816,0.4251784980297088,0.4251784980297088,0.8229376077651978,0.0263157896697521,0.4262820482254028,0.9062054753303528,0.4308989346027374,0.4308989346027374,0.9831730723381042,0.0178571436554193,0.2916666567325592,0.5164263844490051,0.5164263844490051,0.7076124548912048,0.050000000745058,0.7916666865348816,0.8697770237922668,0.8697770237922668,0.9255319237709044,0.958459198474884,0.7253401279449463,
6,860.0,,,,,,,,,,,,,,,,,,,,,,,,,,,,0.9455193877220154,0.8403199315071106,0.8403199315071106,0.9039267897605896,0.9047619104385376,0.7122713327407837,0.8379666805267334,0.8379666805267334,0.8870183229446411,0.8678969740867615,0.7589847445487976,0.404942512512207,0.8389682769775391,0.8389682769775391,0.8707308173179626,0.8339185118675232,0.8122555613517761,0.8403199315071106,0.8403199315071106,0.9039267897605896,0.9047619104385376,0.7122713327407837,0.9201585650444032,0.9201585650444032,0.93293958902359,0.909853219985962,0.917682945728302,,,,,,,,,,,,,,,,,,,,,,,,,,,,
7,983.0,,,,,,,,,,,,,,,,,,,,,,,,,,,,,,,,,,,,,,,,,,,,,,,,,,,,,,,0.8051263093948364,0.4763607680797577,0.4763607680797577,0.4100345969200134,0.1500000059604644,0.8690476417541504,0.3160872161388397,0.3160872161388397,0.5773447155952454,0.0645161271095275,0.3064008355140686,1.3403702974319458,0.4007972478866577,0.4007972478866577,0.9753086566925048,0.0410958901047706,0.1859872639179229,0.4763607680797577,0.4763607680797577,0.4100345969200134,0.1500000059604644,0.8690476417541504,0.779977560043335,0.779977560043335,0.936170220375061,0.9471299052238464,0.4566326439380646,
7,983.0,,,,,,,,,,,,,,,,,,,,,,,,,,,,0.9523913264274596,0.8553090691566467,0.8553090691566467,0.9200000166893004,0.913076639175415,0.7328506112098694,0.8530664443969727,0.8530664443969727,0.8888480067253113,0.8875300884246826,0.7828210592269897,0.3811858892440796,0.8544051647186279,0.8544051647186279,0.8597365617752075,0.8633741736412048,0.840104877948761,0.8553090691566467,0.8553090691566467,0.9200000166893004,0.913076639175415,0.7328506112098694,0.9276548027992249,0.9276548027992249,0.9249094724655152,0.9277957677841188,0.9302591681480408,,,,,,,,,,,,,,,,,,,,,,,,,,,,
8,1106.0,,,,,,,,,,,,,,,,,,,,,,,,,,,,,,,,,,,,,,,,,,,,,,,,,,,,,,,0.8776139616966248,0.525907576084137,0.525907576084137,0.9801037907600404,0.050000000745058,0.5476190447807312,0.5520930886268616,0.5520930886268616,0.9577345848083496,0.0769230797886848,0.6216216087341309,0.313370406627655,0.6072601079940796,0.6072601079940796,0.9363636374473572,0.1666666716337204,0.71875,0.525907576084137,0.525907576084137,0.9801037907600404,0.050000000745058,0.5476190447807312,0.8520123362541199,0.8520123362541199,0.5904255509376526,0.9962235689163208,0.9693877696990968,
8,1106.0,,,,,,,,,,,,,,,,,,,,,,,,,,,,0.9530286192893982,0.8521110415458679,0.8521110415458679,0.9127951264381408,0.9001143574714661,0.743423581123352,0.850471019744873,0.850471019744873,0.8944029808044434,0.8762293457984924,0.7807807922363281,0.3793698251247406,0.850802481174469,0.850802481174469,0.8767373561859131,0.8535791635513306,0.8220910429954529,0.8521110415458679,0.8521110415458679,0.9127951264381408,0.9001143574714661,0.743423581123352,0.9260689616203308,0.9260689616203308,0.9357605576515198,0.9228424429893494,0.919603705406189,,,,,,,,,,,,,,,,,,,,,,,,,,,,
9,1229.0,,,,,,,,,,,,,,,,,,,,,,,,,,,,,,,,,,,,,,,,,,,,,,,,,,,,,,,0.9013630747795104,0.5671829581260681,0.5671829581260681,0.9610726833343506,0.050000000745058,0.6904761791229248,0.5680161118507385,0.5680161118507385,0.9606571793556212,0.0487804859876632,0.6946107745170593,0.2997875511646271,0.5688854455947876,0.5688854455947876,0.9602420330047609,0.0476190485060215,0.6987951993942261,0.5671829581260681,0.5671829581260681,0.9610726833343506,0.050000000745058,0.6904761791229248,0.8992321491241455,0.8992321491241455,0.7553191781044006,0.9848942756652832,0.9574829936027528,
9,1229.0,,,,,,,,,,,,,,,,,,,,,,,,,,,,0.9598156809806824,0.8677989840507507,0.8677989840507507,0.9165714383125304,0.9206410050392152,0.7661843299865723,0.8663185238838196,0.8663185238838196,0.8992711901664734,0.8955278992652893,0.8041566610336304,0.350010335445404,0.866816520690918,0.866816520690918,0.882611870765686,0.8717485666275024,0.8460891246795654,0.8677989840507507,0.8677989840507507,0.9165714383125304,0.9206410050392152,0.7661843299865723,0.9338796734809875,0.9338796734809875,0.9390127658843994,0.9323938488960266,0.930232584476471,,,,,,,,,,,,,,,,,,,,,,,,,,,,
10,1352.0,,,,,,,,,,,,,,,,,,,,,,,,,,,,,,,,,,,,,,,,,,,,,,,,,,,,,,,0.9075875282287598,0.5120874047279358,0.5120874047279358,0.992214560508728,0.050000000745058,0.494047611951828,0.5507423877716064,0.5507423877716064,0.9594311714172364,0.0869565233588218,0.6058394312858582,0.313213974237442,0.6816990375518799,0.6816990375518799,0.928744912147522,0.3333333432674408,0.7830188870429993,0.5120874047279358,0.5120874047279358,0.992214560508728,0.050000000745058,0.494047611951828,0.8369488716125488,0.8369488716125488,0.5319148898124695,0.9984894394874572,0.9804421663284302,
10,1352.0,,,,,,,,,,,,,,,,,,,,,,,,,,,,0.9671659469604492,0.8859076499938965,0.8859076499938965,0.9260952472686768,0.9409298896789552,0.7906976938247681,0.8846198916435242,0.8846198916435242,0.9057376980781556,0.9183559417724608,0.8297659754753113,0.307457834482193,0.8853304386138916,0.8853304386138916,0.8862559199333191,0.8968397974967957,0.8728955984115601,0.8859076499938965,0.8859076499938965,0.9260952472686768,0.9409298896789552,0.7906976938247681,0.9429623484611512,0.9429623484611512,0.940537452697754,0.9458841681480408,0.9424652457237244,,,,,,,,,,,,,,,,,,,,,,,,,,,,
11,1475.0,,,,,,,,,,,,,,,,,,,,,,,,,,,,,,,,,,,,,,,,,,,,,,,,,,,,,,,0.9089321494102478,0.4822567999362945,0.4822567999362945,0.9801037907600404,0.050000000745058,0.4166666567325592,0.5142390131950378,0.5142390131950378,0.9485140442848206,0.0869565233588218,0.5072463750839233,0.3210442662239074,0.6334595084190369,0.6334595084190369,0.9188969731330872,0.3333333432674408,0.6481481194496155,0.4822567999362945,0.4822567999362945,0.9801037907600404,0.050000000745058,0.4166666567325592,0.8114205002784729,0.8114205002784729,0.4680851101875305,0.9984894394874572,0.9676870703697203,
11,1475.0,,,,,,,,,,,,,,,,,,,,,,,,,,,,0.9702694416046144,0.8931304812431335,0.8931304812431335,0.9382622241973876,0.9398324489593506,0.8012967109680176,0.8919517397880554,0.8919517397880554,0.9147315621376038,0.9207237362861632,0.840399980545044,0.2867209017276764,0.8927481174468994,0.8927481174468994,0.892352283000946,0.9023765921592712,0.8835155367851257,0.8931304812431335,0.8931304812431335,0.9382622241973876,0.9398324489593506,0.8012967109680176,0.946583092212677,0.946583092212677,0.9434069991111756,0.949104070663452,0.9472380876541138,,,,,,,,,,,,,,,,,,,,,,,,,,,,
12,1598.0,,,,,,,,,,,,,,,,,,,,,,,,,,,,,,,,,,,,,,,,,,,,,,,,,,,,,,,0.8572720289230347,0.5633039474487305,0.5633039474487305,0.7768166065216064,0.050000000745058,0.863095223903656,0.4747177064418793,0.4747177064418793,0.8651252388954163,0.0555555559694767,0.5034722089767456,0.7379143238067627,0.4646596908569336,0.4646596908569336,0.976086974143982,0.0625,0.3553921580314636,0.5633039474487305,0.5633039474487305,0.7768166065216064,0.050000000745058,0.863095223903656,0.882669985294342,0.882669985294342,0.8829787373542786,0.9886707067489624,0.7763605713844299,
12,1598.0,,,,,,,,,,,,,,,,,,,,,,,,,,,,0.9696590304374696,0.888066291809082,0.888066291809082,0.910442054271698,0.9478095173835754,0.8059473633766174,0.8871152997016907,0.8871152997016907,0.8960990309715271,0.9281850457191468,0.8370619416236877,0.2978133857250213,0.8874109387397766,0.8874109387397766,0.8822008967399597,0.9093567132949828,0.8706754446029663,0.888066291809082,0.888066291809082,0.910442054271698,0.9478095173835754,0.8059473633766174,0.944042980670929,0.944042980670929,0.9392149448394777,0.9527348875999452,0.9401791095733644,,,,,,,,,,,,,,,,,,,,,,,,,,,,
13,1721.0,,,,,,,,,,,,,,,,,,,,,,,,,,,,,,,,,,,,,,,,,,,,,,,,,,,,,,,0.9090260863304138,0.5392541289329529,0.5392541289329529,0.9844290614128112,0.050000000745058,0.5833333134651184,0.5666953921318054,0.5666953921318054,0.9623678922653198,0.0799999982118606,0.6577181220054626,0.3257595896720886,0.6317066550254822,0.6317066550254822,0.9412738084793092,0.2000000029802322,0.7538461685180664,0.5392541289329529,0.5392541289329529,0.9844290614128112,0.050000000745058,0.5833333134651184,0.8640361428260803,0.8640361428260803,0.6223404407501221,0.9969788789749146,0.9727891087532043,
13,1721.0,,,,,,,,,,,,,,,,,,,,,,,,,,,,0.9741572737693788,0.9042240977287292,0.9042240977287292,0.9322162866592408,0.9580472707748412,0.8224085569381714,0.9033401608467102,0.9033401608467102,0.9110532402992249,0.9432970285415648,0.8556700944900513,0.2648107409477234,0.9038531184196472,0.9038531184196472,0.8908296823501587,0.9289940595626832,0.8917355537414551,0.9042240977287292,0.9042240977287292,0.9322162866592408,0.9580472707748412,0.8224085569381714,0.9521061778068542,0.9521061778068542,0.9428135752677916,0.963428556919098,0.9500762224197388,,,,,,,,,,,,,,,,,,,,,,,,,,,,
14,1844.0,,,,,,,,,,,,,,,,,,,,,,,,,,,,,,,,,,,,,,,,,,,,,,,,,,,,,,,0.8907861709594727,0.56846684217453,0.56846684217453,0.887543261051178,0.050000000745058,0.7678571343421936,0.5236606597900391,0.5236606597900391,0.9272480607032776,0.0465116277337074,0.5972222089767456,0.4337126016616821,0.5009288191795349,0.5009288191795349,0.9706717133522034,0.0434782616794109,0.4886363744735718,0.56846684217453,0.56846684217453,0.887543261051178,0.050000000745058,0.7678571343421936,0.9012313485145568,0.9012313485145568,0.835106372833252,0.9833837151527404,0.8852040767669678,
14,1844.0,,,,,,,,,,,,,,,,,,,,,,,,,,,,0.975080907344818,0.9024409651756288,0.9024409651756288,0.9344761967658995,0.9492946863174438,0.8235518336296082,0.9015668034553528,0.9015668034553528,0.919415295124054,0.929104506969452,0.8561806678771973,0.2622269988059997,0.9020296931266784,0.9020296931266784,0.9048321843147278,0.9097552299499512,0.8915016651153564,0.9024409651756288,0.9024409651756288,0.9344761967658995,0.9492946863174438,0.8235518336296082,0.951219379901886,0.951219379901886,0.950829029083252,0.9529434442520142,0.9498856663703918,,,,,,,,,,,,,,,,,,,,,,,,,,,,
15,1967.0,,,,,,,,,,,,,,,,,,,,,,,,,,,,,,,,,,,,,,,,,,,,,,,,,,,,,,,0.9060229659080504,0.548344075679779,0.548344075679779,0.987889289855957,0.050000000745058,0.6071428656578064,0.5787504315376282,0.5787504315376282,0.965342342853546,0.0909090936183929,0.6800000071525574,0.2995482981204986,0.7388429641723633,0.7388429641723633,0.9438016414642334,0.5,0.7727272510528564,0.548344075679779,0.548344075679779,0.987889289855957,0.050000000745058,0.6071428656578064,0.8706774711608887,0.8706774711608887,0.6382978558540344,0.9992446899414062,0.9744898080825806,
15,1967.0,,,,,,,,,,,,,,,,,,,,,,,,,,,,0.976277768611908,0.9088050723075868,0.9088050723075868,0.9428135752677916,0.9542682766914368,0.8293333053588867,0.9079592227935792,0.9079592227935792,0.9181362390518188,0.9408228397369384,0.8649185299873352,0.2544215619564056,0.9087210297584534,0.9087210297584534,0.894717812538147,0.9277510046958924,0.9036944508552552,0.9088050723075868,0.9088050723075868,0.9428135752677916,0.9542682766914368,0.8293333053588867,0.9543960690498352,0.9543960690498352,0.9445608854293824,0.9628430008888244,0.955784261226654,,,,,,,,,,,,,,,,,,,,,,,,,,,,
16,2090.0,,,,,,,,,,,,,,,,,,,,,,,,,,,,,,,,,,,,,,,,,,,,,,,,,,,,,,,0.8473991751670837,0.565892219543457,0.565892219543457,0.933390974998474,0.050000000745058,0.7142857313156128,0.5492040514945984,0.5492040514945984,0.946491241455078,0.0645161271095275,0.6366047859191895,0.3762352168560028,0.5416787266731262,0.5416787266731262,0.959964394569397,0.0909090936183929,0.5741626620292664,0.565892219543457,0.565892219543457,0.933390974998474,0.050000000745058,0.7142857313156128,0.8924683928489685,0.8924683928489685,0.7606382966041565,0.9924471378326416,0.9243197441101074,
16,2090.0,,,,,,,,,,,,,,,,,,,,,,,,,,,,0.9758286476135254,0.9053306579589844,0.9053306579589844,0.936380922794342,0.9531428813934326,0.8264683485031128,0.904548406600952,0.904548406600952,0.9129062294960022,0.9418407678604126,0.8588981628417969,0.257607638835907,0.9051200747489928,0.9051200747489928,0.8905797004699707,0.9308035969734192,0.8939769268035889,0.9053306579589844,0.9053306579589844,0.936380922794342,0.9531428813934326,0.8264683485031128,0.9526806473731996,0.9526806473731996,0.942443311214447,0.9645511507987976,0.9510475993156432,,,,,,,,,,,,,,,,,,,,,,,,,,,,
17,2213.0,,,,,,,,,,,,,,,,,,,,,,,,,,,,,,,,,,,,,,,,,,,,,,,,,,,,,,,0.9093996286392212,0.5714052319526672,0.5714052319526672,0.9558823704719543,0.050000000745058,0.7083333134651184,0.5702839493751526,0.5702839493751526,0.9567099809646606,0.050000000745058,0.7041420340538025,0.3342428505420685,0.5691797137260437,0.5691797137260437,0.9575390219688416,0.050000000745058,0.699999988079071,0.5714052319526672,0.5714052319526672,0.9558823704719543,0.050000000745058,0.7083333134651184,0.8938813209533691,0.8938813209533691,0.7393617033958435,0.9856495261192322,0.956632673740387,
17,2213.0,,,,,,,,,,,,,,,,,,,,,,,,,,,,0.9786229133605956,0.9141128659248352,0.9141128659248352,0.946666657924652,0.9523627758026124,0.8433091640472412,0.913479506969452,0.913479506969452,0.9251675605773926,0.9433748722076416,0.871895968914032,0.2420136630535125,0.9138889908790588,0.9138889908790588,0.9046232104301452,0.9345549941062928,0.9024887681007384,0.9141128659248352,0.9141128659248352,0.946666657924652,0.9523627758026124,0.8433091640472412,0.9570627212524414,0.9570627212524414,0.9500666856765748,0.9666539430618286,0.9544675350189208,,,,,,,,,,,,,,,,,,,,,,,,,,,,
18,2336.0,,,,,,,,,,,,,,,,,,,,,,,,,,,,,,,,,,,,,,,,,,,,,,,,,,,,,,,0.8667606115341187,0.582493007183075,0.582493007183075,0.911764681339264,0.050000000745058,0.7857142686843872,0.5471713542938232,0.5471713542938232,0.9402319192886353,0.0666666701436042,0.6346153616905212,0.3835763931274414,0.534264087677002,0.534264087677002,0.970534086227417,0.1000000014901161,0.5322580933570862,0.582493007183075,0.582493007183075,0.911764681339264,0.050000000745058,0.7857142686843872,0.9081167578697203,0.9081167578697203,0.8297872543334961,0.9932023882865906,0.90136057138443,
18,2336.0,,,,,,,,,,,,,,,,,,,,,,,,,,,,0.9799090623855592,0.9166666865348816,0.9166666865348816,0.9401676654815674,0.9580792784690856,0.8517530560493469,0.9161583781242372,0.9161583781242372,0.9208660125732422,0.9499338865280152,0.8776752352714539,0.2342803031206131,0.9164971709251404,0.9164971709251404,0.9023408889770508,0.9419258236885072,0.9052248001098632,0.9166666865348816,0.9166666865348816,0.9401676654815674,0.9580792784690856,0.8517530560493469,0.9583333134651184,0.9583333134651184,0.9491235017776488,0.9704649448394777,0.9554116129875184,,,,,,,,,,,,,,,,,,,,,,,,,,,,
19,2459.0,,,,,,,,,,,,,,,,,,,,,,,,,,,,,,,,,,,,,,,,,,,,,,,,,,,,,,,0.8478425741195679,0.577893078327179,0.577893078327179,0.850346028804779,0.050000000745058,0.8333333134651184,0.514045000076294,0.514045000076294,0.9080831408500672,0.0370370373129844,0.5970149040222168,0.487949401140213,0.4895866215229034,0.4895866215229034,0.9742318987846376,0.0294117648154497,0.4651162922382355,0.577893078327179,0.577893078327179,0.850346028804779,0.050000000745058,0.8333333134651184,0.8999576568603516,0.8999576568603516,0.8617021441459656,0.9750755429267884,0.863095223903656,
19,2459.0,,,,,,,,,,,,,,,,,,,,,,,,,,,,0.9815165996551514,0.9199695587158204,0.9199695587158204,0.9401676654815674,0.9615091681480408,0.8582317233085632,0.9194838404655457,0.9194838404655457,0.9267467856407166,0.9506405591964722,0.8810641765594482,0.2233981490135193,0.9196210503578186,0.9196210503578186,0.913703680038452,0.940014898777008,0.9051446914672852,0.9199695587158204,0.9199695587158204,0.9401676654815674,0.9615091681480408,0.8582317233085632,0.9599847793579102,0.9599847793579102,0.9556021094322203,0.9693216681480408,0.9550305008888244,,,,,,,,,,,,,,,,,,,,,,,,,,,,
20,2582.0,,,,,,,,,,,,,,,,,,,,,,,,,,,,,,,,,,,,,,,,,,,,,,,,,,,,,,,0.8989700078964233,0.572675347328186,0.572675347328186,0.9299308061599731,0.050000000745058,0.738095223903656,0.5514469742774963,0.5514469742774963,0.9463028311729432,0.0588235296308994,0.6492146849632263,0.3551892042160034,0.538043200969696,0.538043200969696,0.9632616639137268,0.0714285746216774,0.5794392228126526,0.572675347328186,0.572675347328186,0.9299308061599731,0.050000000745058,0.738095223903656,0.8985218405723572,0.8985218405723572,0.7819148898124695,0.9901812672615052,0.9234693646430968,
20,2582.0,,,,,,,,,,,,,,,,,,,,,,,,,,,,0.9811925292015076,0.9222421646118164,0.9222421646118164,0.9359756112098694,0.970285713672638,0.8604651093482971,0.9217826724052428,0.9217826724052428,0.9198501706123352,0.9602261781692504,0.8852716088294983,0.2197277098894119,0.9220649600028992,0.9220649600028992,0.9042710065841676,0.950373113155365,0.9115508794784546,0.9222421646118164,0.9222421646118164,0.9359756112098694,0.970285713672638,0.8604651093482971,0.9611291289329528,0.9611291289329528,0.9504573345184326,0.9746521711349488,0.9582777619361876,,,,,,,,,,,,,,,,,,,,,,,,,,,,
21,2705.0,,,,,,,,,,,,,,,,,,,,,,,,,,,,,,,,,,,,,,,,,,,,,,,,,,,,,,,0.8883693218231201,0.5690640807151794,0.5690640807151794,0.9429065585136414,0.050000000745058,0.7142857313156128,0.5570878386497498,0.5570878386497498,0.9519650936126708,0.0526315793395042,0.6666666865348816,0.341407835483551,0.5472516417503357,0.5472516417503357,0.9611992835998536,0.0555555559694767,0.625,0.5690640807151794,0.5690640807151794,0.9429065585136414,0.050000000745058,0.7142857313156128,0.8972976803779602,0.8972976803779602,0.7659574747085571,0.9871601462364196,0.9387755393981934,
21,2705.0,,,,,,,,,,,,,,,,,,,,,,,,,,,,0.9839191436767578,0.92834734916687,0.92834734916687,0.9492753744125366,0.9741051197052002,0.8616616129875183,0.927797555923462,0.927797555923462,0.9270018339157104,0.9616541266441344,0.8947368264198303,0.2021819502115249,0.9285733103752136,0.9285733103752136,0.9057496190071106,0.9495174288749696,0.9304527044296264,0.92834734916687,0.92834734916687,0.9492753744125366,0.9741051197052002,0.8616616129875183,0.9641798138618468,0.9641798138618468,0.9506666660308838,0.9740754961967468,0.9677972793579102,,,,,,,,,,,,,,,,,,,,,,,,,,,,
22,2828.0,,,,,,,,,,,,,,,,,,,,,,,,,,,,,,,,,,,,,,,,,,,,,,,,,,,,,,,0.8996526598930359,0.5759982466697693,0.5759982466697693,0.9160899519920348,0.050000000745058,0.761904776096344,0.5475764870643616,0.5475764870643616,0.9396628141403198,0.0740740746259689,0.6289926171302795,0.3671200573444366,0.5476343035697937,0.5476343035697937,0.9644808769226074,0.1428571492433548,0.5355648398399353,0.5759982466697693,0.5759982466697693,0.9160899519920348,0.050000000745058,0.761904776096344,0.8978778719902039,0.8978778719902039,0.792553186416626,0.995468258857727,0.9056122303009032,
22,2828.0,,,,,,,,,,,,,,,,,,,,,,,,,,,,0.9842220544815063,0.9316596388816832,0.9316596388816832,0.948190450668335,0.972931742668152,0.8738567233085632,0.9312106966972352,0.9312106966972352,0.9339587092399596,0.9593985080718994,0.9002748131752014,0.2001131772994995,0.931574821472168,0.931574821472168,0.9201478958129884,0.9462365508079528,0.9283400774002076,0.9316596388816832,0.9316596388816832,0.948190450668335,0.972931742668152,0.8738567233085632,0.9658274054527284,0.9658274054527284,0.958833634853363,0.9723756909370422,0.9662728905677797,,,,,,,,,,,,,,,,,,,,,,,,,,,,
23,2951.0,,,,,,,,,,,,,,,,,,,,,,,,,,,,,,,,,,,,,,,,,,,,,,,,,,,,,,,0.879741370677948,0.5432704091072083,0.5432704091072083,0.9429065585136414,0.050000000745058,0.636904776096344,0.5384424924850464,0.5384424924850464,0.9465913772583008,0.0555555559694767,0.6131805181503296,0.33686363697052,0.5346551537513733,0.5346551537513733,0.950305163860321,0.0625,0.591160237789154,0.5432704091072083,0.5432704091072083,0.9429065585136414,0.050000000745058,0.636904776096344,0.8741846680641174,0.8741846680641174,0.6968085169792175,0.9886707067489624,0.9370748400688172,
23,2951.0,,,,,,,,,,,,,,,,,,,,,,,,,,,,0.9816243648529052,0.9200981259346008,0.9200981259346008,0.9489523768424988,0.9618757367134094,0.8494664430618286,0.9194791316986084,0.9194791316986084,0.925334334373474,0.9520754814147948,0.8810276389122009,0.2185390293598175,0.9201202988624572,0.9201202988624572,0.902863383293152,0.9424729347229004,0.9150246381759644,0.9200981259346008,0.9200981259346008,0.9489523768424988,0.9618757367134094,0.8494664430618286,0.9600469470024108,0.9600469470024108,0.9489231705665588,0.9706611037254332,0.9605563879013062,,,,,,,,,,,,,,,,,,,,,,,,,,,,
24,3074.0,,,,,,,,,,,,,,,,,,,,,,,,,,,,,,,,,,,,,,,,,,,,,,,,,,,,,,,0.8856981992721558,0.5701625943183899,0.5701625943183899,0.8866782188415527,0.050000000745058,0.773809552192688,0.5250295996665955,0.5250295996665955,0.92592591047287,0.0555555559694767,0.5936073064804077,0.4684843719005584,0.5042635798454285,0.5042635798454285,0.9688090682029724,0.0625,0.4814814925193786,0.5701625943183899,0.5701625943183899,0.8866782188415527,0.050000000745058,0.773809552192688,0.8980303406715393,0.8980303406715393,0.8244680762290955,0.9886707067489624,0.8809523582458496,
24,3074.0,,,,,,,,,,,,,,,,,,,,,,,,,,,,0.9867624044418336,0.9371204376220704,0.9371204376220704,0.9573333263397216,0.96988183259964,0.8841463327407837,0.936811625957489,0.936811625957489,0.9378615617752076,0.9645497798919678,0.908023476600647,0.1829621940851211,0.9372227191925048,0.9372227191925048,0.9191660284996032,0.959276020526886,0.9332260489463806,0.9371204376220704,0.9371204376220704,0.9573333263397216,0.96988183259964,0.8841463327407837,0.9685580730438232,0.9685580730438232,0.957880675792694,0.9794246554374696,0.9683688879013062,,,,,,,,,,,,,,,,,,,,,,,,,,,,
25,3197.0,,,,,,,,,,,,,,,,,,,,,,,,,,,,,,,,,,,,,,,,,,,,,,,,,,,,,,,0.87591952085495,0.5872232913970947,0.5872232913970947,0.8961937427520752,0.050000000745058,0.8154761791229248,0.5433886647224426,0.5433886647224426,0.9333333373069764,0.0769230797886848,0.6199095249176025,0.4496642649173736,0.5467836260795593,0.5467836260795593,0.9736841917037964,0.1666666716337204,0.5,0.5872232913970947,0.5872232913970947,0.8961937427520752,0.050000000745058,0.8154761791229248,0.9102635979652404,0.9102635979652404,0.8510638475418091,0.9962235689163208,0.8835033774375916,
25,3197.0,,,,,,,,,,,,,,,,,,,,,,,,,,,,0.9833149909973145,0.9239916801452636,0.9239916801452636,0.9383326768875122,0.9714285731315612,0.8622137308120728,0.9235839247703552,0.9235839247703552,0.9187476634979248,0.962809145450592,0.8891950249671936,0.2067967355251312,0.9240748286247252,0.9240748286247252,0.8999634981155396,0.9543412923812866,0.9179195165634156,0.9239916801452636,0.9239916801452636,0.9383326768875122,0.9714285731315612,0.8622137308120728,0.9620156288146972,0.9620156288146972,0.947759747505188,0.9767486453056335,0.9615384340286256,,,,,,,,,,,,,,,,,,,,,,,,,,,,
26,3198.0,0.90458083152771,0.5900545120239258,0.5900545120239258,0.9987349510192872,0.1428571492433548,0.6285714507102966,0.6090095639228821,0.6090095639228821,0.9871835112571716,0.0909090936183929,0.7489361763000488,0.1308269053697586,0.6562928557395935,0.6562928557395935,0.975896179676056,0.0666666701436042,0.9263157844543456,0.5900545120239258,0.5900545120239258,0.9987349510192872,0.1428571492433548,0.6285714507102966,0.907383680343628,0.907383680343628,0.7346938848495483,0.9918652176856996,0.995591938495636,,,,,,,,,,,,,,,,,,,,,,,,,,,,,,,,,,,,,,,,,,,,,,,,,,,,,,,
26,,0.90458083152771,,0.5900545716285706,0.9987349510192871,0.1428571492433548,0.6285714507102966,,0.6090096235275269,0.9871835112571716,0.09090909361839294,0.7489361763000488,0.13082689888499402,,0.6562928557395935,0.9758961796760559,0.06666667014360428,0.9263157844543457,,0.5900545716285706,0.9987349510192871,0.1428571492433548,0.6285714507102966,,0.9073836803436279,0.7346938848495483,0.9918652176856995,0.995591938495636,,,,,,,,,,,,,,,,,,,,,,,,,,,,,,,,,,,,,,,,,,,,,,,,,,,,,,,test
